<?xml version="1.0" encoding="UTF-8"?>
<project-private xmlns="http://www.netbeans.org/ns/project-private/1">
    <editor-bookmarks xmlns="http://www.netbeans.org/ns/editor-bookmarks/2" lastBookmarkId="0"/>
    <open-files xmlns="http://www.netbeans.org/ns/projectui-open-files/2">
        <group>
            <file>file:/C:/Users/Vasco%20Alves/Documents/NetBeansProjects/ficha_3_ex_5/src/ficha_3_ex_5/Ventoinha.java</file>
            <file>file:/C:/Users/Vasco%20Alves/Documents/NetBeansProjects/ficha_3_ex_5/src/ficha_3_ex_5/Ficha_3_ex_5.java</file>
            <file>file:/C:/Users/Vasco%20Alves/Documents/NetBeansProjects/ficha_3_ex_5/src/ficha_3_ex_5/Climatizador.java</file>
            <file>file:/C:/Users/Vasco%20Alves/Documents/NetBeansProjects/ficha_3_ex_5/src/ficha_3_ex_5/Aquecedor.java</file>
        </group>
    </open-files>
</project-private>
